{
    "backbone":"resnet50",  
    "detection_pipeline": "rcnn",
    "inlier_th":0.15,
    "ransac_th":5,
    "outlier_th":[0.1,0.2,0.3,0.4],
    "n_objs":21,
    "obj_labels":[1,2,3,4,5,6,7,8,9,10,11,12,13,14,15,16,17,18,19,20,21],
    "target_obj_name":[4],
    "icp":0,
    "ply_files":["obj_000004.ply"],
    "model_scale":0.001,
    "rgb_topic":"/hsrb/head_rgbd_sensor/rgb/image_rect_color",
    "depth_topic":"/hsrb/head_rgbd_sensor/depth_registered/image_rect_raw",
    "cam_K":[538.391033533567, 0.0, 315.3074696331638, 0.0, 538.085452058436, 233.0483557773859, 0.0, 0.0, 1.0],
    "im_height":480,
    "im_width":640
  }
  